SystemID,ProcUnitCPW,SystemUUID
9009-22A-78885E0,15000,f51a52fe-388f-3514-b55f-f7e3fd2464d3
8284-22A-7849F0X,11305,d98349f6-bb55-335a-be8e-9d665e417b23
9009-22A-78885F0,15000,da0756bc-0ea4-33de-98ac-5b1965487b1b
8286-41A-21A659W,9875,cbf13cd7-56ae-3e54-96fc-890e163d991f
8202-E4C-0637B5T,1,c7ff7a20-edfc-3e09-8a18-42aca1bc8c5c
8286-41A-21915BW,1,c2e9543b-1d43-361d-95e1-98f980e6ba83
8231-E1D-06E34DT,7100,43121bce-b5bf-3bd1-bd26-30fce6708303
8231-E1D-84765CV,7100,7539213a-d720-3a6f-8883-3f28c06811fb
8231-E1D-843A24W,7100,4cd418a8-b230-322a-8713-0e58ac43b644
8284-22A-784162X,11305,7495c98e-ccb7-346f-8a0b-435d4137e472
8286-41A-219152W,9916,e949a12c-b69f-35e5-ad4d-6fe59f473034
8286-41A-21A152V,9916,95264014-dce2-340d-86bc-5f9e0ed3d6ae